X001,X002,X003,X004,X005,y
-0.224848568520847,-0.0147185483761478,-0.103329551080603,-0.12835075813611299,A,-0.95449720799516102
0.41819109488398598,0.111964918082712,0.091935228787963702,0.027794325228875299,B,-5.9287977898082298
-0.080013206047322205,0.0535529518300785,-0.0092929982762263007,-0.018412702157748199,C,-3.6590273025585902
0.19279575873284299,0.0162528748451434,0.095667881934496393,0.122339030428014,C,-6.4009023060184402
-0.040105691191000603,0.10184492974281401,-0.077196100066823897,-0.16495836953005599,C,-3.5947769852440099
0.0513802288502863,0.17789260834528101,-0.055292680705022398,-0.169795233366934,C,-5.5232053860189598
0.065583998298835405,-0.109429254355143,-0.048488828270363903,-0.072599526023626904,A,-0.413327734472685
0.31379618690894701,-0.33233621394964402,0.023566308083231499,0.063264265570786002,A,-0.50141119903667097
0.41815319535863299,-0.0289876570609417,0.019997577054626799,-0.066991923396062997,B,-3.3074474161942402
0.068386486908288704,0.046954942176104901,0.059426502053900203,0.075499219148677396,B,-6.4358594728862997
0.14301309834039899,-0.10032244014856199,-0.0023985870036516001,-0.012770929348085,B,-3.6732883357035
-0.108169801653442,-0.0119754346124101,0.030733598857827699,0.090013482586035795,B,-4.12718221679207
-0.062756833013326602,-0.064487871023386004,0.0060317300520857002,0.0479868610307254,A,-4.7461913417696797
-0.11594106180137199,0.0089614977686410992,-0.016078083920830499,0.0026853228713744999,A,-3.6644008858472499
0.49430283201513298,-0.17683688571995199,0.020584730866041099,-0.035786639932983901,A,-0.711722617004373
-0.483186781260869,0.054957498667495101,-0.071781915646777203,-0.0258782007685061,B,-4.7013511371821002
-0.129144244512613,-0.037646143698828703,-0.055807255436364098,-0.057712643324597197,B,-2.60016584764442
-0.068042872279700906,-0.160765144438587,-0.103950793309006,-0.126320666208879,B,0.46797626657490499
0.472414472106917,-0.098157694704195997,0.101551798416651,0.091955773269422406,B,-3.52732297459983
-0.63248078095057603,-0.16128143256298599,-0.036123973319079898,0.145144422732807,A,-3.5247209653923801
0.076972129428393904,-0.046482340363686002,0.043662052216306001,0.074346746048500306,B,-4.3573243386363698
-0.031287422008995897,-0.043116403379033698,-0.13771381018109,-0.22971043559732701,C,-0.29528158058790099
-0.03781356703838,-0.18203721774026899,-0.0615261439259846,-0.047772443259729701,C,-1.9879703504577
0.128381452952127,-0.071246334453406904,0.031838644888785302,0.043644799583685702,C,-3.0508819860526399
0.090705064131826704,-0.0243840415391787,-0.059156793900429001,-0.122728903057865,C,-3.7743591893987198
-0.28039392357466703,-0.12191067202030401,-0.072951143441854993,-0.020446474121891,A,0.130329724963272
0.209648307377442,0.020565743352640099,-0.019612122053524101,-0.100184329834468,A,-5.1894100431590804
0.22514236248576,0.021235594103111901,0.110633549390295,0.13708126401722201,B,-6.3254905962994901
-0.32320689578174999,-0.12852588642009999,-0.17680857053035301,-0.20070212683028499,B,-0.28418944359007198
-0.12780442869368799,0.027174439993378499,-0.090267695824001307,-0.14306582698907699,B,-2.55110122784111
-0.099295913580295506,-0.046788101621594497,-0.028333545320782701,-0.0109371494446371,B,-2.4930771261323201
0.112889858273171,-0.066686059383028795,-0.049453792406171898,-0.10271866871542,A,-1.6726922588795201
0.44679694224694799,0.23094871822142801,0.051553839966798999,-0.093248767615445594,A,-8.3353956131012996
-0.172534910930212,-0.040751828418144002,-0.096343925489971505,-0.12126794154906199,A,-1.84115158182441
-0.032190813173727198,-0.163458460560538,0.0013536451670391001,0.058129942662136398,B,-1.59977542037869
-0.185068731271434,0.15543058620078801,-0.118668454768833,-0.215312870425064,B,-3.1826847848377899
-0.41155355517603398,-0.0165507878209201,-0.0038822331674096002,0.10842184801075901,B,-4.2827719696239104
-0.37039544353089798,0.046785810970979898,0.037015933218400299,0.15308831203702999,B,-7.1304235225428299
0.26876901746533499,-0.039746768459834901,-0.058346408983259303,-0.167736883112797,A,-4.3332046920798097
0.090597369528310795,0.0078639771524664,0.026602567542827499,0.0258188304336717,B,-4.6747221269830996
0.27845774781860999,0.122810690479444,0.046850269332481001,-0.028047868341905199,C,-5.9762592029204002
-0.105530174544937,0.089632965272186393,-0.086956594348929203,-0.16402820072448701,C,-3.8772908104027901
-0.230777978593245,0.067433347871471594,-0.13229153859859,-0.20401321371221001,C,-3.23761725397152
-0.025795229705628201,-0.0074982354215077998,0.0291989825992898,0.063499612553321802,C,-2.5611083459497901
-0.124185949054461,0.19178972076290801,0.0660727883457084,0.096588594646339093,A,-7.82136501977718
0.010278279249681801,-0.058210058087699398,-0.012242845703351201,-0.0023419387158631999,A,-2.2005060174855302
0.080207508896544905,0.078299315783197806,0.036722689589729102,0.0235617317498889,B,-4.6349147940012196
-0.066119284083942395,0.235786208927876,-0.015101371148225899,-0.086395556998661194,B,-5.4584615587154097
-0.23403408223113001,0.071317339161167906,-0.022503843417622099,-0.0015233755043332999,B,-5.1465938174105901
0.33881521623129801,-0.17338273717164401,-0.057950561664575601,-0.14096976395976499,B,-0.026642798309521001
0.067484923847140096,-0.120929382557653,0.0701547284599085,0.14780131971272401,A,-2.4895965107125799
0.0032804203282156001,-0.044302703076551701,-0.066715088446260007,-0.107546409575991,A,-1.95644440919994
0.30072636576925899,-0.0286639638936424,0.050968389807140101,0.0223467995403001,A,-5.4086523469824899
0.12839443336218501,0.027202045780567199,0.092167668345651196,0.12810709232763801,B,-6.2187415659347502
-0.0089110450752100008,0.157473530916836,0.13145842787838699,0.19743723806343799,B,-11.195879211534301
-0.21433753471337999,0.091104516350430695,0.052973059485446297,0.12604650465353701,B,-8.8459410636533597
-0.32163359868992603,0.120122244911082,-0.070063562682906699,-0.085228281606432907,B,-4.5112823326994604
0.00073746559609729997,0.21144206765940601,-0.037849925406868899,-0.132700441476997,A,-5.8269419437223497
0.42574366203736203,-0.0069788025277592999,0.091104966049997294,0.061815451413193299,B,-4.8287843793632703
0.12636765511552001,0.123876433455649,0.018434382813209398,-0.040608869986484102,C,-6.2975973130570404
0.077370659653597906,-0.16410028237170399,-0.021463003211905699,-0.010915157010565999,C,-1.26318368658491
0.028168671256031699,-0.126342096141007,-0.024146474396447501,-0.014073400825830499,C,-2.0480265416282801
0.045259815150658203,-0.175019974211127,0.011311696973972499,0.066404865614208303,C,-2.7431087754978698
-0.049632585247170298,-0.28792942745686001,-0.074702882917848004,-0.0378497548649556,A,1.7802958252655099
-0.100190137626435,0.0176137908420669,-0.022341284866156899,-0.021030957583313199,A,-3.4849903227897099
0.20631283098884101,-0.0765675840929948,-0.00069732542045390004,-0.034498610563853699,B,-0.717435549001748
-0.0033619971327002,0.16064621768283699,-0.0048162287879304003,-0.059180748495264397,B,-4.8877667516350698
-0.099058106164197607,0.069214560152084104,0.063111371164592797,0.12670808205415299,B,-7.8428664948949196
0.28861968941469801,-0.034449225542571703,0.043920597678693503,0.0100477796316142,B,-2.7914338002075598
-0.14726094752652999,-0.061674879812340197,-0.035476252175396503,-0.0081952634137904996,A,-2.24918858974628
-0.096895560458701901,-0.050388871817381997,0.0255612684028119,0.083838913291186201,A,-2.5938005925685599
0.094810604344136198,0.0234622878460762,0.045018017189809398,0.052140008939700201,A,-4.79458611570867
-0.046021274310105303,-0.056774679901281801,-0.046503982686983698,-0.057312899659077203,B,-2.7374690105983301
-0.019228160093903001,0.0064908078893525,0.057345834349892197,0.110967654663503,B,-4.7085875631984599
0.37795086424820601,-0.092717809607040499,0.053511622364399297,0.0268016758774955,B,-3.3037564338508099
